nome,idade,cpf,rg,data_nasc,sexo,signo,mae,pai,email,senha,cep,endereco,numero,bairro,cidade,estado,telefone_fixo,celular,altura,peso,tipo_sanguineo,cor
Diogo Gael Calebe Barbosa,40,12426787783,356990175,07/04/1983,Masculino,Áries,Catarina Fabiana,Miguel Igor Barbosa,diogo.gael.barbosa@grupomegavale.com.br,2opS572q3K,39404320,Rua Marília de Dirceu,688,Independência,Montes Claros,MG,3838829431,38986926519,"1,72",79,A-,roxo
Isadora Sabrina Isis Peixoto,20,54765671275,164268352,21/02/2003,Feminino,Peixes,Bianca Letícia,Victor Bernardo André Peixoto,isadorasabrinapeixoto@click21.com.br,cPu9LSWMKJ,65036330,Rua General Luso Torres,137,Vila Ivar Saldanha,São Luís,MA,9828278687,98985358544,"1,73",77,O+,roxo
Felipe Martin Bento de Paula,27,48707403895,259451009,15/03/1996,Masculino,Peixes,Julia Elza,Fernando Jorge Cláudio de Paula,felipe.martin.depaula@charquesorocaba.com.br,IOxpE15BLy,59615418,Rua Jônatas Lopes Freire,115,Santa Delmira,Mossoró,RN,8436659466,84989063817,"1,96",65,B-,roxo
Sabrina Teresinha Marli Dias,17,22994293951,395088173,21/02/1997,Feminino,Peixes,Maria Nair,Vinicius Augusto Dias,sabrina_teresinha_dias@alphagraphics.com.br,nfBfGFK0ya,23946210,Rua das Flores,601,Frade (Cunhambebe),Angra dos Reis,RJ,2436855779,24983592066,"1,81",56,A+,vermelho
Edson César dos Santos,66,76661765623,194078450,11/09/1957,Masculino,Virgem,Aurora Sueli,Gabriel Daniel Enzo dos Santos,edson.cesar.dossantos@equipavmineracao.com.br,uwmqomyAOD,69088586,Beco Marcos,799,Jorge Teixeira,Manaus,AM,9225703172,92985713349,"1,71",81,A+,roxo
Nair Gabrielly Pires,52,50741848783,215438437,13/01/1971,Feminino,Capricórnio,Betina Emilly Isabelly,Lucas Pietro Enzo Pires,nairgabriellypires@crsilvadesign.com,ed8SQpIJe9,83415290,Rua Pedro Taverna,285,Roseira,Colombo,PR,4137335875,41993292811,"1,76",86,B+,roxo
Letícia Bianca Carolina da Conceição,20,66775206925,296052395,27/02/2003,Feminino,Peixes,Maya Laís,Pedro Henrique Davi da Conceição,leticia_daconceicao@systrix.com.br,sHayTKjsZq,67120040,Passagem Santo Antônio,450,Coqueiro,Ananindeua,PA,9128086109,91988569755,"1,59",55,O-,verde
Benedita Pietra Giovanna da Cunha,80,07272373733,247510944,03/05/1943,Feminino,Touro,Gabriela Alessandra Maitê,Felipe Bento Thomas da Cunha,benedita_pietra_dacunha@psq.med.br,EEZdScz0Ts,69900373,Avenida Getúlio Vargas,705,Bosque,Rio Branco,AC,6827018301,68994955026,"1,50",58,B-,azul
Gustavo Leonardo Caldeira,71,61889071285,161755306,09/03/1952,Masculino,Peixes,Giovana Helena Heloisa,Rafael Vicente Caldeira,gustavoleonardocaldeira@temavonfeccaosjc.com.br,BSje95MMTE,14405167,Rua Floriano Machado,600,Parque São Jorge,Franca,SP,1639679714,16999938723,"1,73",63,B-,vermelho
Laura Yasmin Laura Cardoso,41,68930916643,431246282,24/07/1982,Feminino,Leão,Raimunda Milena Nicole,Geraldo Giovanni Cardoso,laura_yasmin_cardoso@hmhabitacoesmodernas.com.br,LwJn4389uU,47803082,Rua Argentina,426,Jardins,Barreiras,BA,7728868009,77985971745,"1,70",58,A+,amarelo
Osvaldo Giovanni Moraes,23,66435361703,484912859,17/09/2000,Masculino,Virgem,Valentina Isabelly,Mário Pedro Henrique Moraes,osvaldo-moraes89@isometro.com.br,t0Locx9jEz,78149528,Rua das Mangueiras,771,Novo Mundo,Várzea Grande,MT,6538128294,65998471817,"1,85",85,B+,verde
André João Oliveira,63,39510187984,339962707,03/05/1960,Masculino,Touro,Elaine Simone Isabelle,Bryan Filipe Oliveira,andre_joao_oliveira@baltico.com.br,89MG0k9wCg,40720251,Rua da Manga,231,Periperi,Salvador,BA,7128757557,71994354580,"1,78",86,A+,preto
Regina Rita da Mota,31,89639055948,279080578,13/06/1992,Feminino,Gêmeos,Luna Marlene Alícia,Bernardo Mateus Noah da Mota,regina_rita_damota@novadeliveri.com.br,9bb0BwB4EB,84062714,Rua Rio Imbituva,334,Chapada,Ponta Grossa,PR,4229728465,42999412893,"1,74",74,O-,azul
Sueli Evelyn Martins,61,44871726088,246208715,25/07/1962,Feminino,Leão,Sebastiana Caroline,Fernando Eduardo Enrico Martins,suelievelynmartins@yaooh.com,I0I3ZEBIEU,74470650,Rua Cajubá,472,Residencial Park Solar,Goiânia,GO,6228209477,62985351301,"1,72",73,B+,azul
Enrico Luan Luan Santos,34,11677622660,313397983,19/06/1989,Masculino,Gêmeos,Carolina Ayla,Cauê Erick Noah Santos,enricoluansantos@stilomovelaria.com.br,MzJ878X3a0,58046090,Rua Poeta Targino Teixeira,809,Altiplano Cabo Branco,João Pessoa,PB,8329431580,83993969848,"1,67",85,A-,laranja
Lara Jennifer Araújo,70,59808723616,420814176,18/05/1953,Feminino,Touro,Priscila Liz,Kaique Mário Vicente Araújo,larajenniferaraujo@brws.com.br,aiqHQyEBkB,68906172,Avenida França,345,São José,Macapá,AP,9636723122,96994822278,"1,77",83,O-,amarelo
Levi Hugo Breno Mendes,27,68725933345,368429015,02/06/1996,Masculino,Gêmeos,Maitê Fátima,Felipe Eduardo Lucas Mendes,levihugomendes@baptistas.com.br,woj5mNiDpQ,69305080,Rua Doutor Arnaldo Brandão,145,São Francisco,Boa Vista,RR,9535248478,95995552606,"1,86",90,A+,vermelho
Isabelly Silvana Valentina Lopes,32,73107879940,213837523,12/06/1991,Feminino,Gêmeos,Ana Priscila Raquel,Enzo Lorenzo Lopes,isabelly_silvana_lopes@i9tec.com.br,Befiam5dld,79310561,Alameda Riachuelo,714,Centro América,Corumbá,MS,6737001752,67991900722,"1,56",90,B-,vermelho
Fernanda Hadassa Sales,38,88387725412,327562511,25/08/1985,Feminino,Virgem,Caroline Agatha Vitória,Roberto Kevin Sales,fernandahadassasales@patriciagrillo.adv.br,UBnHYKE81h,77019026,Quadra 1103 Sul Alameda 9,485,Plano Diretor Sul,Palmas,TO,6328854251,63992260625,"1,83",73,A+,roxo
Carla Gabriela Freitas,75,63954876639,426611044,23/02/1948,Feminino,Peixes,Stefany Lavínia Gabrielly,Cláudio Severino Freitas,carlagabrielafreitas@hotmal.com,wmpeJzgm8l,08253120,Rua Antologia,288,Conjunto Residencial José Bonifácio,São Paulo,SP,1125291025,11987778097,"1,83",74,A+,laranja
Vera Alessandra Lúcia Almeida,33,31440308055,150515297,24/04/1990,Feminino,Touro,Isabela Jaqueline Gabriela,Paulo Enrico Almeida,vera_almeida@w3ag.com,wElh5k3urh,78145130,Rua Acre,832,Ikaray,Várzea Grande,MT,6529982015,65995004479,"1,66",68,B+,vermelho
Emily Milena Pinto,68,26439881833,452633485,26/09/1955,Feminino,Libra,Benedita Luciana Melissa,Igor Edson Pinto,emily.milena.pinto@bodyfast.com.br,ikl0Fw0cp0,77827420,Rua dos Coqueiros,245,Loteamento Araguaína Sul,Araguaína,TO,6335550861,63988222984,"1,55",82,B-,verde
Mateus Leandro Duarte,37,18277915276,229229700,23/05/1986,Masculino,Gêmeos,Maitê Laura,Igor Juan Duarte,mateusleandroduarte@santacasasjc.com.br,lXmD1I3PLt,59133390,Avenida Estrada dos Mares,279,Pajuçara,Natal,RN,8429192318,84997725405,"1,83",89,O+,preto
Beatriz Nicole Fogaça,46,97383779517,367640521,05/06/1977,Feminino,Gêmeos,Laís Nair Rosângela,Joaquim Vinicius Fogaça,beatriznicolefogaca@indaseg.com.br,L5TXcUwHu5,77403258,Rua Engenheiro Bernardo Sayão,778,Jardim Eldorado,Gurupi,TO,6336983949,63989132932,"1,57",51,AB-,preto
Flávia Lorena Silveira,24,17791909308,413583685,24/01/1999,Feminino,Aquário,Eduarda Luiza,Mário Gabriel Silveira,flavia-silveira74@dc4.com.br,Qz8ioz8QnX,69902440,Rua Elzo Rodrigues,785,Eldorado,Rio Branco,AC,6837331002,68983879749,"1,78",81,AB-,verde
Cauã Osvaldo Vieira,29,63944519167,355851659,14/01/1994,Masculino,Capricórnio,Heloise Fátima Natália,Murilo Tomás Vieira,caua-vieira74@itatiaia.net,5FqSjrNlpz,05547060,Rua Joaquim da Cunha,364,Jardim Rosa Maria,São Paulo,SP,1129170600,11985328014,"1,96",81,A+,roxo
Lúcia Juliana Carvalho,31,51197018840,467451448,20/04/1992,Feminino,Áries,Regina Valentina Stella,Pietro Paulo Carvalho,lucia_carvalho@balaiofilmes.com.br,xunJPJ5Cqr,29903117,Rua Luiz de Camões,388,Interlagos,Linhares,ES,2728499457,27982609043,"1,59",68,AB+,vermelho
Catarina Nair Agatha da Mata,28,06271206018,471504683,24/04/1995,Feminino,Touro,Clarice Rosângela Débora,Kevin César Thomas da Mata,catarina.nair.damata@bucaneiro.com.br,M1tHKxmhsM,69307280,Rua Zacaria Mendes Ribeiro,706,Paraviana,Boa Vista,RR,9528041325,95985399137,"1,79",55,B+,amarelo
Maya Adriana Milena Assunção,29,58214604257,406781801,13/05/1994,Feminino,Touro,Francisca Clara Hadassa,Anthony Iago Juan Assunção,maya_adriana_assuncao@bn.com.br,q73Ju5g8YS,77824735,Travessa 5,745,Vila Goiás,Araguaína,TO,6337286008,63991263392,"1,64",80,AB+,preto
Daniela Amanda Moura,43,53747761852,142720379,25/06/1980,Feminino,Câncer,Raquel Bianca Raimunda,Geraldo Mário Moura,daniela.amanda.moura@jonasmartinez.com,s0wSwenC7U,65900440,Rua Rui Barbosa,899,Centro,Imperatriz,MA,9825172088,98991255129,"1,69",55,AB-,azul
